{
  "catboost_v2": {
    "mae": 3.8089157789935766,
    "rmse": 7.012654844755121,
    "r2": 0.999604316669584,
    "features": 25
  }
}